<?xml version="1.0"?><Report><ReportQuery><Format><ReportTitle>Amount Earned vs Number of Meetings Per Sector</ReportTitle><ReportDescription></ReportDescription><PageSize>.DEFAULT</PageSize><PageOrientation>.DEFAULT</PageOrientation><TopMargin></TopMargin><BottomMargin></BottomMargin><RightMargin></RightMargin><LeftMargin></LeftMargin><pdfFont></pdfFont><pdfFontSize></pdfFontSize><PreExecuteCode>NONE</PreExecuteCode><formBetweenRows>solidline</formBetweenRows><gridDisplay>.DEFAULT</gridDisplay><gridSortable>.DEFAULT</gridSortable><gridSearchable>.DEFAULT</gridSearchable><gridPageable>.DEFAULT</gridPageable><gridPageSize>.DEFAULT</gridPageSize></Format><Datasource><SourceType>database</SourceType><SourceConnection><DatabaseType>mysql</DatabaseType><DatabaseName></DatabaseName><HostName></HostName><ServiceName></ServiceName><UserName></UserName><Password></Password></SourceConnection></Datasource><EntryForm><Query><TableSql></TableSql><WhereSql></WhereSql><GroupSql></GroupSql><RowSelection>all</RowSelection><SQL><QuerySql></QuerySql><SQLRaw>    Select MS.Sector, MS.Count/ASS.Count Avg_Number_of_Meeings_Before_Sponsorship
    FROM 
    (SELECT count(AccountLog.ID) Count, SponsOfficer.Sector
        FROM AccountLog inner join 
        (SELECT SO.SponsID, Name, Sector, Role, DateAssigned, Branch, Year, Organization, EventName, Mobile, Email 
            FROM (SELECT SponsID, Sector, DateAssigned FROM `SectorHead` UNION SELECT SponsID, Sector, DateAssigned FROM `SponsRep`) SO 
            INNER JOIN CommitteeMember ON CommitteeMember.ID = SO.SponsID
        ) SponsOfficer 
        ON AccountLog.SponsID = SponsOfficer.SponsID
         GROUP BY SponsOfficer.Sector
     ) ASS
     INNER JOIN 
    (SELECT count(Meeting.ID) Count, SponsOfficer.Sector
        FROM Meeting inner join
        (SELECT SO.SponsID, Name, Sector, Role, DateAssigned, Branch, Year, Organization, EventName, Mobile, Email 
            FROM (SELECT SponsID, Sector, DateAssigned FROM `SectorHead` UNION SELECT SponsID, Sector, DateAssigned FROM `SponsRep`) SO 
            INNER JOIN CommitteeMember ON CommitteeMember.ID = SO.SponsID
        ) SponsOfficer 
        ON Meeting.SponsID = SponsOfficer.SponsID
         GROUP BY SponsOfficer.Sector
     ) MS
     ON ASS.Sector = MS.Sector</SQLRaw></SQL><QueryColumns><QueryColumn><Name>Sector</Name><TableName>MS</TableName><ColumnName>Sector</ColumnName><ColumnType>char</ColumnType><ColumnLength>30</ColumnLength><Format><column_display>show</column_display><content_type>plain</content_type><ColumnStartPDF></ColumnStartPDF><justify>left</justify><ColumnWidthPDF></ColumnWidthPDF><ColumnWidthHTML></ColumnWidthHTML><column_title></column_title><tooltip></tooltip><group_header_label>0</group_header_label><group_header_label_xpos></group_header_label_xpos><group_header_data_xpos></group_header_data_xpos><group_trailer_label>0</group_trailer_label></Format></QueryColumn><QueryColumn><Name>Avg_Number_of_Meeings_Before_Sponsorship</Name><TableName></TableName><ColumnName>MS.Count/ASS.Count</ColumnName><ColumnType>char</ColumnType><ColumnLength>30</ColumnLength><Format><column_display>show</column_display><content_type>plain</content_type><ColumnStartPDF></ColumnStartPDF><justify>left</justify><ColumnWidthPDF></ColumnWidthPDF><ColumnWidthHTML></ColumnWidthHTML><column_title></column_title><tooltip></tooltip><group_header_label>0</group_header_label><group_header_label_xpos></group_header_label_xpos><group_header_data_xpos></group_header_data_xpos><group_trailer_label>0</group_trailer_label></Format></QueryColumn></QueryColumns><OrderColumns></OrderColumns><PreSQLS></PreSQLS></Query><Assignments></Assignments><Criteria></Criteria><Output><PageHeaders><PageHeader><LineNumber>1</LineNumber><HeaderText>{REPORT_TITLE}{STYLE border-width: 1 0 1 0; margin: 15px 0px 0px 0px; border-color: #000000; font-size: 18; border-style: solid;padding:5px 0px 5px 0px; height:1cm; background-color: #000000; color: #ffffff; text-align: center}</HeaderText><Format><ColumnStartPDF></ColumnStartPDF><justify>center</justify><ColumnWidthPDF></ColumnWidthPDF><ShowInPDF>yes</ShowInPDF><ShowInHTML>no</ShowInHTML></Format></PageHeader><PageHeader><LineNumber>1</LineNumber><HeaderText>Time: date('Y-m-d H:i:s'){STYLE font-size: 10; text-align: right; font-style: italic;}</HeaderText><Format><ColumnStartPDF></ColumnStartPDF><justify>right</justify><ColumnWidthPDF></ColumnWidthPDF><ShowInPDF>yes</ShowInPDF><ShowInHTML>no</ShowInHTML></Format></PageHeader></PageHeaders><PageFooters><PageFooter><LineNumber>2</LineNumber><FooterText>Page: {PAGE}{STYLE border-width: 1 0 0 0; margin: 40 0 0 0; font-style: italic; }</FooterText><Format><ColumnStartPDF></ColumnStartPDF><justify>center</justify><ColumnWidthPDF></ColumnWidthPDF><ShowInPDF>yes</ShowInPDF><ShowInHTML>no</ShowInHTML></Format></PageFooter></PageFooters><DisplayOrders><DisplayOrder><ColumnName>Avg_Number_of_Meeings_Before_Sponsorship</ColumnName><OrderNumber>1</OrderNumber></DisplayOrder><DisplayOrder><ColumnName>Sector</ColumnName><OrderNumber>2</OrderNumber></DisplayOrder></DisplayOrders><Groups><Group><GroupName>REPORT_BODY</GroupName><BeforeGroupHeader>blankline</BeforeGroupHeader><AfterGroupHeader>blankline</AfterGroupHeader><BeforeGroupTrailer>blankline</BeforeGroupTrailer><AfterGroupTrailer>blankline</AfterGroupTrailer><GroupHeaders></GroupHeaders><GroupTrailers></GroupTrailers></Group></Groups><Graphs><Graph><GraphColumn>REPORT_BODY</GraphColumn><GraphColor>.DEFAULT</GraphColor><Title>Amount Earned vs Number of Meetings, Per Sector</Title><GraphWidth>.DEFAULT</GraphWidth><GraphHeight>.DEFAULT</GraphHeight><GraphWidthPDF>700</GraphWidthPDF><GraphHeightPDF>500</GraphHeightPDF><XTitle>Set Title</XTitle><YTitle>Set Title</YTitle><GridPosition>.DEFAULT</GridPosition><XGridDisplay>.DEFAULT</XGridDisplay><XGridColor>.DEFAULT</XGridColor><YGridDisplay>.DEFAULT</YGridDisplay><YGridColor>.DEFAULT</YGridColor><XLabelColumn>Sector</XLabelColumn><TitleFont>.DEFAULT</TitleFont><TitleFontStyle>.DEFAULT</TitleFontStyle><TitleFontSize>.DEFAULT</TitleFontSize><TitleColor>.DEFAULT</TitleColor><XTitleFont>.DEFAULT</XTitleFont><XTitleFontStyle>.DEFAULT</XTitleFontStyle><XTitleFontSize>.DEFAULT</XTitleFontSize><XTitleColor>.DEFAULT</XTitleColor><YTitleFont>.DEFAULT</YTitleFont><YTitleFontStyle>.DEFAULT</YTitleFontStyle><YTitleFontSize>.DEFAULT</YTitleFontSize><YTitleColor>.DEFAULT</YTitleColor><XAxisColor>.DEFAULT</XAxisColor><XAxisFont>.DEFAULT</XAxisFont><XAxisFontStyle>.DEFAULT</XAxisFontStyle><XAxisFontSize>.DEFAULT</XAxisFontSize><XAxisFontColor>.DEFAULT</XAxisFontColor><YAxisColor>.DEFAULT</YAxisColor><YAxisFont>.DEFAULT</YAxisFont><YAxisFontStyle>.DEFAULT</YAxisFontStyle><YAxisFontSize>.DEFAULT</YAxisFontSize><YAxisFontColor>.DEFAULT</YAxisFontColor><XTickInterval>.DEFAULT</XTickInterval><YTickInterval>.DEFAULT</YTickInterval><XTickLabelInterval>.DEFAULT</XTickLabelInterval><YTickLabelInterval>.DEFAULT</YTickLabelInterval><MarginColor>.DEFAULT</MarginColor><MarginLeft>.DEFAULT</MarginLeft><MarginRight>.DEFAULT</MarginRight><MarginTop>.DEFAULT</MarginTop><MarginBottom>.DEFAULT</MarginBottom><Plots><Plot><PlotColumn>Avg_Number_of_Meeings_Before_Sponsorship</PlotColumn><PlotType>OVERLAYBAR</PlotType><LineColor>#4183D7</LineColor><DataType>number</DataType><Legend>Avg Number of Meetings Before Sponsorship</Legend><FillColor></FillColor></Plot></Plots></Graph></Graphs></Output></EntryForm></ReportQuery></Report>