<?xml version="1.0"?><Report><ReportQuery><Format><ReportTitle>Effectiveness Of Meeting Types</ReportTitle><ReportDescription></ReportDescription><PageSize>.DEFAULT</PageSize><PageOrientation>.DEFAULT</PageOrientation><TopMargin></TopMargin><BottomMargin></BottomMargin><RightMargin></RightMargin><LeftMargin></LeftMargin><pdfFont></pdfFont><pdfFontSize></pdfFontSize><PreExecuteCode>NONE</PreExecuteCode><formBetweenRows>solidline</formBetweenRows><gridDisplay>.DEFAULT</gridDisplay><gridSortable>.DEFAULT</gridSortable><gridSearchable>.DEFAULT</gridSearchable><gridPageable>.DEFAULT</gridPageable><gridPageSize>.DEFAULT</gridPageSize></Format><Datasource><SourceType>database</SourceType><SourceConnection><DatabaseType>mysql</DatabaseType><DatabaseName></DatabaseName><HostName></HostName><ServiceName></ServiceName><UserName></UserName><Password></Password></SourceConnection></Datasource><EntryForm><Query><TableSql></TableSql><WhereSql></WhereSql><GroupSql></GroupSql><RowSelection>all</RowSelection><SQL><QuerySql></QuerySql><SQLRaw>SELECT sum(Amount) Total_Amount, 
(Select count(Meeting.ID) Number_Of_Calls
     FROM AccountLog INNER JOIN Meeting ON AccountLog.SponsID = Meeting.SponsID
     WHERE MeetingType = 'Call'
     ) Number_Of_Calls, 
     (Select count(Meeting.ID) Number_Of_Emails
     FROM AccountLog INNER JOIN Meeting ON AccountLog.SponsID = Meeting.SponsID
     WHERE MeetingType = 'Email'
     ) Number_Of_Emails, 
     (Select count(Meeting.ID) Number_Of_Meetings
     FROM AccountLog INNER JOIN Meeting ON AccountLog.SponsID = Meeting.SponsID
     WHERE MeetingType = 'Meet'
     ) Number_Of_Meetings
FROM AccountLog</SQLRaw></SQL><QueryColumns><QueryColumn><Name>Total_Amount</Name><TableName></TableName><ColumnName>sum(Amount)</ColumnName><ColumnType>char</ColumnType><ColumnLength>30</ColumnLength><Format><column_display>show</column_display><content_type>plain</content_type><ColumnStartPDF></ColumnStartPDF><justify>left</justify><ColumnWidthPDF></ColumnWidthPDF><ColumnWidthHTML></ColumnWidthHTML><column_title></column_title><tooltip></tooltip><group_header_label>0</group_header_label><group_header_label_xpos></group_header_label_xpos><group_header_data_xpos></group_header_data_xpos><group_trailer_label>0</group_trailer_label></Format></QueryColumn><QueryColumn><Name>Number_Of_Calls</Name><TableName></TableName><ColumnName>(Select count(Meeting.ID) Number_Of_Calls
     FROM AccountLog INNER JOIN Meeting ON AccountLog.SponsID = Meeting.SponsID
     WHERE MeetingType = 'Call'
     )</ColumnName><ColumnType>char</ColumnType><ColumnLength>30</ColumnLength><Format><column_display>show</column_display><content_type>plain</content_type><ColumnStartPDF></ColumnStartPDF><justify>left</justify><ColumnWidthPDF></ColumnWidthPDF><ColumnWidthHTML></ColumnWidthHTML><column_title></column_title><tooltip></tooltip><group_header_label>0</group_header_label><group_header_label_xpos></group_header_label_xpos><group_header_data_xpos></group_header_data_xpos><group_trailer_label>0</group_trailer_label></Format></QueryColumn><QueryColumn><Name>Number_Of_Emails</Name><TableName></TableName><ColumnName>(Select count(Meeting.ID) Number_Of_Emails
     FROM AccountLog INNER JOIN Meeting ON AccountLog.SponsID = Meeting.SponsID
     WHERE MeetingType = 'Email'
     )</ColumnName><ColumnType>char</ColumnType><ColumnLength>30</ColumnLength><Format><column_display>show</column_display><content_type>plain</content_type><ColumnStartPDF></ColumnStartPDF><justify>left</justify><ColumnWidthPDF></ColumnWidthPDF><ColumnWidthHTML></ColumnWidthHTML><column_title></column_title><tooltip></tooltip><group_header_label>0</group_header_label><group_header_label_xpos></group_header_label_xpos><group_header_data_xpos></group_header_data_xpos><group_trailer_label>0</group_trailer_label></Format></QueryColumn><QueryColumn><Name>Number_Of_Meetings</Name><TableName></TableName><ColumnName>(Select count(Meeting.ID) Number_Of_Meetings
     FROM AccountLog INNER JOIN Meeting ON AccountLog.SponsID = Meeting.SponsID
     WHERE MeetingType = 'Meet'
     )</ColumnName><ColumnType>char</ColumnType><ColumnLength>30</ColumnLength><Format><column_display>show</column_display><content_type>plain</content_type><ColumnStartPDF></ColumnStartPDF><justify>left</justify><ColumnWidthPDF></ColumnWidthPDF><ColumnWidthHTML></ColumnWidthHTML><column_title></column_title><tooltip></tooltip><group_header_label>0</group_header_label><group_header_label_xpos></group_header_label_xpos><group_header_data_xpos></group_header_data_xpos><group_trailer_label>0</group_trailer_label></Format></QueryColumn></QueryColumns><OrderColumns></OrderColumns><PreSQLS></PreSQLS></Query><Assignments></Assignments><Criteria></Criteria><Output><PageHeaders><PageHeader><LineNumber>1</LineNumber><HeaderText>{REPORT_TITLE}{STYLE border-width: 1 0 1 0; margin: 15px 0px 0px 0px; border-color: #000000; font-size: 18; border-style: solid;padding:5px 0px 5px 0px; height:1cm; background-color: #000000; color: #ffffff; text-align: center}</HeaderText><Format><ColumnStartPDF></ColumnStartPDF><justify>center</justify><ColumnWidthPDF></ColumnWidthPDF><ShowInPDF>yes</ShowInPDF><ShowInHTML>no</ShowInHTML></Format></PageHeader><PageHeader><LineNumber>1</LineNumber><HeaderText>Time: date('Y-m-d H:i:s'){STYLE font-size: 10; text-align: right; font-style: italic;}</HeaderText><Format><ColumnStartPDF></ColumnStartPDF><justify>right</justify><ColumnWidthPDF></ColumnWidthPDF><ShowInPDF>yes</ShowInPDF><ShowInHTML>no</ShowInHTML></Format></PageHeader></PageHeaders><PageFooters><PageFooter><LineNumber>2</LineNumber><FooterText>Page: {PAGE}{STYLE border-width: 1 0 0 0; margin: 40 0 0 0; font-style: italic; }</FooterText><Format><ColumnStartPDF></ColumnStartPDF><justify>center</justify><ColumnWidthPDF></ColumnWidthPDF><ShowInPDF>yes</ShowInPDF><ShowInHTML>no</ShowInHTML></Format></PageFooter></PageFooters><DisplayOrders><DisplayOrder><ColumnName>Total_Amount</ColumnName><OrderNumber>1</OrderNumber></DisplayOrder><DisplayOrder><ColumnName>Number_Of_Calls</ColumnName><OrderNumber>2</OrderNumber></DisplayOrder><DisplayOrder><ColumnName>Number_Of_Emails</ColumnName><OrderNumber>3</OrderNumber></DisplayOrder><DisplayOrder><ColumnName>Number_Of_Meetings</ColumnName><OrderNumber>4</OrderNumber></DisplayOrder></DisplayOrders><Groups></Groups><Graphs></Graphs></Output></EntryForm></ReportQuery></Report>