<?xml version="1.0"?><Report><ReportQuery><Format><ReportTitle>Suppliers</ReportTitle><ReportDescription>Suppliers</ReportDescription><PageSize>.DEFAULT</PageSize><PageOrientation>.DEFAULT</PageOrientation><TopMargin></TopMargin><BottomMargin></BottomMargin><RightMargin></RightMargin><LeftMargin></LeftMargin><pdfFont>LiberationSans-Regular</pdfFont><pdfFontSize></pdfFontSize><PreExecuteCode>NONE</PreExecuteCode><bodyDisplay>show</bodyDisplay><graphDisplay>show</graphDisplay></Format><Datasource><SourceType>database</SourceType><SourceConnection><DatabaseType></DatabaseType><DatabaseName></DatabaseName><HostName>localhost</HostName><ServiceName></ServiceName><UserName></UserName><Password></Password></SourceConnection></Datasource><EntryForm><Query><TableSql></TableSql><WhereSql></WhereSql><GroupSql></GroupSql><RowSelection>all</RowSelection><SQL><QuerySql></QuerySql><SQLRaw>SELECT supplierid, companyname
FROM  suppliers
WHERE 1 = 1  </SQLRaw></SQL><QueryColumns><QueryColumn><Name>supplierid</Name><TableName></TableName><ColumnName>supplierid</ColumnName><ColumnType>char</ColumnType><ColumnLength>30</ColumnLength><Format><column_display>show</column_display><content_type>plain</content_type><ColumnStartPDF></ColumnStartPDF><justify>left</justify><ColumnWidthPDF></ColumnWidthPDF><ColumnWidthHTML></ColumnWidthHTML><column_title></column_title><tooltip></tooltip><group_header_label></group_header_label><group_header_label_xpos></group_header_label_xpos><group_header_data_xpos></group_header_data_xpos><group_trailer_label></group_trailer_label></Format></QueryColumn><QueryColumn><Name>companyname</Name><TableName></TableName><ColumnName>companyname</ColumnName><ColumnType>char</ColumnType><ColumnLength>30</ColumnLength><Format><column_display>show</column_display><content_type>plain</content_type><ColumnStartPDF></ColumnStartPDF><justify>left</justify><ColumnWidthPDF></ColumnWidthPDF><ColumnWidthHTML></ColumnWidthHTML><column_title></column_title><tooltip></tooltip><group_header_label></group_header_label><group_header_label_xpos></group_header_label_xpos><group_header_data_xpos></group_header_data_xpos><group_trailer_label></group_trailer_label></Format></QueryColumn></QueryColumns><OrderColumns></OrderColumns><PreSQLS></PreSQLS></Query><Assignments><Assignment><AssignName>supplierid</AssignName><AssignNameNew></AssignNameNew><Expression>apply_style('PAGE', 'border-style', 'dotted');apply_style('PAGE', 'border-width', '1px 1px 1px 1px');apply_style('PAGE', 'border-color', '#000000');</Expression><Condition></Condition></Assignment><Assignment><AssignName>supplierid</AssignName><AssignNameNew></AssignNameNew><Expression>apply_style('ROW', 'background-color', '#fafaff');</Expression><Condition></Condition></Assignment><Assignment><AssignName>supplierid</AssignName><AssignNameNew></AssignNameNew><Expression>apply_style('ROW', 'background-color', '#eeffff');</Expression><Condition>lineno() % 2 == 1</Condition></Assignment><Assignment><AssignName>supplierid</AssignName><AssignNameNew></AssignNameNew><Expression>apply_style('COLUMNHEADERS', 'color', '#ffffff');apply_style('COLUMNHEADERS', 'background-color', '#000000');</Expression><Condition></Condition></Assignment></Assignments><Criteria></Criteria><Output><PageHeaders></PageHeaders><PageFooters></PageFooters><DisplayOrders><DisplayOrder><ColumnName>supplierid</ColumnName><OrderNumber>1</OrderNumber></DisplayOrder><DisplayOrder><ColumnName>companyname</ColumnName><OrderNumber>2</OrderNumber></DisplayOrder></DisplayOrders><Groups></Groups><Graphs></Graphs></Output></EntryForm></ReportQuery></Report>