<?xml version="1.0"?><Report><ReportQuery><Format><ReportTitle>Orders</ReportTitle><ReportDescription>List of customers</ReportDescription><PageSize>.DEFAULT</PageSize><PageOrientation>.DEFAULT</PageOrientation><TopMargin></TopMargin><BottomMargin></BottomMargin><RightMargin></RightMargin><LeftMargin></LeftMargin><pdfFont>symbol</pdfFont><pdfFontSize></pdfFontSize><PreExecuteCode>NONE</PreExecuteCode><formBetweenRows>solidline</formBetweenRows><gridDisplay>.DEFAULT</gridDisplay><gridSortable>.DEFAULT</gridSortable><gridSearchable>.DEFAULT</gridSearchable><gridPageable>.DEFAULT</gridPageable><gridPageSize>.DEFAULT</gridPageSize></Format><Datasource><SourceType>database</SourceType><SourceConnection><DatabaseType>mysql</DatabaseType><DatabaseName></DatabaseName><HostName></HostName><ServiceName></ServiceName><UserName></UserName><Password></Password></SourceConnection></Datasource><EntryForm><Query><TableSql></TableSql><WhereSql></WhereSql><GroupSql></GroupSql><RowSelection>all</RowSelection><SQL><QuerySql></QuerySql><SQLRaw>SELECT 
customers.CustomerID id,
CompanyName company,
ContactName contact, 
ContactTitle title, 
customers.Address,
customers.City,
customers.Region,
customers.PostalCode postal_code,
customers.Country country,
orders.orderid order_id,
orderdate order_date,
order_details.unitprice price,
quantity,
discount,
productname

FROM  
customers
join orders on customers.customerid = orders.customerid
join employees on orders.employeeid = employees.employeeid
join order_details on orders.orderid = order_details.orderid
join products on order_details.productid = products.productid
WHERE 1 = 1  
[ AND customers.customerid in ( {customer} ) ]
[ AND customers.country in ( {country} ) ]
[ AND  DATE(orderdate)  {daterange} ]
order by customers.customerid, orders.orderid</SQLRaw></SQL><QueryColumns><QueryColumn><Name>id</Name><TableName>customers</TableName><ColumnName>CustomerID</ColumnName><ColumnType>char</ColumnType><ColumnLength>30</ColumnLength><Format><column_display>hide</column_display><content_type>plain</content_type><ColumnStartPDF></ColumnStartPDF><justify>left</justify><ColumnWidthPDF></ColumnWidthPDF><ColumnWidthHTML></ColumnWidthHTML><column_title></column_title><tooltip></tooltip><group_header_label></group_header_label><group_header_label_xpos></group_header_label_xpos><group_header_data_xpos></group_header_data_xpos><group_trailer_label></group_trailer_label></Format></QueryColumn><QueryColumn><Name>company</Name><TableName></TableName><ColumnName>CompanyName</ColumnName><ColumnType>char</ColumnType><ColumnLength>30</ColumnLength><Format><column_display>hide</column_display><content_type>plain</content_type><ColumnStartPDF></ColumnStartPDF><justify>left</justify><ColumnWidthPDF></ColumnWidthPDF><ColumnWidthHTML></ColumnWidthHTML><column_title></column_title><tooltip></tooltip><group_header_label></group_header_label><group_header_label_xpos></group_header_label_xpos><group_header_data_xpos></group_header_data_xpos><group_trailer_label></group_trailer_label></Format></QueryColumn><QueryColumn><Name>contact</Name><TableName></TableName><ColumnName>ContactName</ColumnName><ColumnType>char</ColumnType><ColumnLength>30</ColumnLength><Format><column_display>hide</column_display><content_type>plain</content_type><ColumnStartPDF></ColumnStartPDF><justify>left</justify><ColumnWidthPDF></ColumnWidthPDF><ColumnWidthHTML></ColumnWidthHTML><column_title></column_title><tooltip></tooltip><group_header_label></group_header_label><group_header_label_xpos></group_header_label_xpos><group_header_data_xpos></group_header_data_xpos><group_trailer_label></group_trailer_label></Format></QueryColumn><QueryColumn><Name>title</Name><TableName></TableName><ColumnName>ContactTitle</ColumnName><ColumnType>char</ColumnType><ColumnLength>30</ColumnLength><Format><column_display>hide</column_display><content_type>plain</content_type><ColumnStartPDF></ColumnStartPDF><justify>left</justify><ColumnWidthPDF></ColumnWidthPDF><ColumnWidthHTML></ColumnWidthHTML><column_title></column_title><tooltip></tooltip><group_header_label></group_header_label><group_header_label_xpos></group_header_label_xpos><group_header_data_xpos></group_header_data_xpos><group_trailer_label></group_trailer_label></Format></QueryColumn><QueryColumn><Name>Address</Name><TableName>customers</TableName><ColumnName>Address</ColumnName><ColumnType>char</ColumnType><ColumnLength>30</ColumnLength><Format><column_display>hide</column_display><content_type>plain</content_type><ColumnStartPDF></ColumnStartPDF><justify>left</justify><ColumnWidthPDF></ColumnWidthPDF><ColumnWidthHTML></ColumnWidthHTML><column_title></column_title><tooltip></tooltip><group_header_label></group_header_label><group_header_label_xpos></group_header_label_xpos><group_header_data_xpos></group_header_data_xpos><group_trailer_label></group_trailer_label></Format></QueryColumn><QueryColumn><Name>City</Name><TableName>customers</TableName><ColumnName>City</ColumnName><ColumnType>char</ColumnType><ColumnLength>30</ColumnLength><Format><column_display>hide</column_display><content_type>plain</content_type><ColumnStartPDF></ColumnStartPDF><justify>left</justify><ColumnWidthPDF></ColumnWidthPDF><ColumnWidthHTML></ColumnWidthHTML><column_title></column_title><tooltip></tooltip><group_header_label></group_header_label><group_header_label_xpos></group_header_label_xpos><group_header_data_xpos></group_header_data_xpos><group_trailer_label></group_trailer_label></Format></QueryColumn><QueryColumn><Name>Region</Name><TableName>customers</TableName><ColumnName>Region</ColumnName><ColumnType>char</ColumnType><ColumnLength>30</ColumnLength><Format><column_display>hide</column_display><content_type>plain</content_type><ColumnStartPDF></ColumnStartPDF><justify>left</justify><ColumnWidthPDF></ColumnWidthPDF><ColumnWidthHTML></ColumnWidthHTML><column_title></column_title><tooltip></tooltip><group_header_label></group_header_label><group_header_label_xpos></group_header_label_xpos><group_header_data_xpos></group_header_data_xpos><group_trailer_label></group_trailer_label></Format></QueryColumn><QueryColumn><Name>postal_code</Name><TableName>customers</TableName><ColumnName>PostalCode</ColumnName><ColumnType>char</ColumnType><ColumnLength>30</ColumnLength><Format><column_display>hide</column_display><content_type>plain</content_type><ColumnStartPDF></ColumnStartPDF><justify>left</justify><ColumnWidthPDF></ColumnWidthPDF><ColumnWidthHTML></ColumnWidthHTML><column_title></column_title><tooltip></tooltip><group_header_label></group_header_label><group_header_label_xpos></group_header_label_xpos><group_header_data_xpos></group_header_data_xpos><group_trailer_label></group_trailer_label></Format></QueryColumn><QueryColumn><Name>country</Name><TableName>customers</TableName><ColumnName>Country</ColumnName><ColumnType>char</ColumnType><ColumnLength>30</ColumnLength><Format><column_display>hide</column_display><content_type>plain</content_type><ColumnStartPDF></ColumnStartPDF><justify>left</justify><ColumnWidthPDF></ColumnWidthPDF><ColumnWidthHTML></ColumnWidthHTML><column_title></column_title><tooltip></tooltip><group_header_label></group_header_label><group_header_label_xpos></group_header_label_xpos><group_header_data_xpos></group_header_data_xpos><group_trailer_label></group_trailer_label></Format></QueryColumn><QueryColumn><Name>order_id</Name><TableName>orders</TableName><ColumnName>orderid</ColumnName><ColumnType>char</ColumnType><ColumnLength>30</ColumnLength><Format><column_display>hide</column_display><content_type>plain</content_type><ColumnStartPDF></ColumnStartPDF><justify>left</justify><ColumnWidthPDF></ColumnWidthPDF><ColumnWidthHTML></ColumnWidthHTML><column_title></column_title><tooltip></tooltip><group_header_label></group_header_label><group_header_label_xpos></group_header_label_xpos><group_header_data_xpos></group_header_data_xpos><group_trailer_label></group_trailer_label></Format></QueryColumn><QueryColumn><Name>order_date</Name><TableName></TableName><ColumnName>orderdate</ColumnName><ColumnType>char</ColumnType><ColumnLength>30</ColumnLength><Format><column_display>hide</column_display><content_type>plain</content_type><ColumnStartPDF></ColumnStartPDF><justify>left</justify><ColumnWidthPDF></ColumnWidthPDF><ColumnWidthHTML></ColumnWidthHTML><column_title></column_title><tooltip></tooltip><group_header_label></group_header_label><group_header_label_xpos></group_header_label_xpos><group_header_data_xpos></group_header_data_xpos><group_trailer_label></group_trailer_label></Format></QueryColumn><QueryColumn><Name>price</Name><TableName>order_details</TableName><ColumnName>unitprice</ColumnName><ColumnType>char</ColumnType><ColumnLength>30</ColumnLength><Format><column_display>show</column_display><content_type>plain</content_type><ColumnStartPDF></ColumnStartPDF><justify>left</justify><ColumnWidthPDF></ColumnWidthPDF><ColumnWidthHTML></ColumnWidthHTML><column_title></column_title><tooltip></tooltip><group_header_label></group_header_label><group_header_label_xpos></group_header_label_xpos><group_header_data_xpos></group_header_data_xpos><group_trailer_label></group_trailer_label></Format></QueryColumn><QueryColumn><Name>full_address</Name><TableName></TableName><ColumnName></ColumnName><ColumnType></ColumnType><ColumnLength></ColumnLength><Format><column_display>hide</column_display><content_type>plain</content_type><ColumnStartPDF></ColumnStartPDF><justify>left</justify><ColumnWidthPDF></ColumnWidthPDF><ColumnWidthHTML></ColumnWidthHTML><column_title></column_title><tooltip></tooltip><group_header_label></group_header_label><group_header_label_xpos></group_header_label_xpos><group_header_data_xpos></group_header_data_xpos><group_trailer_label></group_trailer_label></Format></QueryColumn><QueryColumn><Name>quantity</Name><TableName></TableName><ColumnName>quantity</ColumnName><ColumnType>char</ColumnType><ColumnLength>30</ColumnLength><Format><column_display>show</column_display><content_type>plain</content_type><ColumnStartPDF></ColumnStartPDF><justify>left</justify><ColumnWidthPDF></ColumnWidthPDF><ColumnWidthHTML></ColumnWidthHTML><column_title></column_title><tooltip></tooltip><group_header_label></group_header_label><group_header_label_xpos></group_header_label_xpos><group_header_data_xpos></group_header_data_xpos><group_trailer_label></group_trailer_label></Format></QueryColumn><QueryColumn><Name>discount</Name><TableName></TableName><ColumnName>discount</ColumnName><ColumnType>char</ColumnType><ColumnLength>30</ColumnLength><Format><column_display>show</column_display><content_type>plain</content_type><ColumnStartPDF></ColumnStartPDF><justify>left</justify><ColumnWidthPDF></ColumnWidthPDF><ColumnWidthHTML></ColumnWidthHTML><column_title></column_title><tooltip></tooltip><group_header_label></group_header_label><group_header_label_xpos></group_header_label_xpos><group_header_data_xpos></group_header_data_xpos><group_trailer_label></group_trailer_label></Format></QueryColumn><QueryColumn><Name>productname</Name><TableName></TableName><ColumnName>productname</ColumnName><ColumnType>char</ColumnType><ColumnLength>30</ColumnLength><Format><column_display>show</column_display><content_type>plain</content_type><ColumnStartPDF></ColumnStartPDF><justify>left</justify><ColumnWidthPDF></ColumnWidthPDF><ColumnWidthHTML></ColumnWidthHTML><column_title>Product</column_title><tooltip></tooltip><group_header_label></group_header_label><group_header_label_xpos></group_header_label_xpos><group_header_data_xpos></group_header_data_xpos><group_trailer_label></group_trailer_label></Format></QueryColumn><QueryColumn><Name>linevalue</Name><TableName></TableName><ColumnName></ColumnName><ColumnType></ColumnType><ColumnLength></ColumnLength><Format><column_display>show</column_display><content_type>plain</content_type><ColumnStartPDF></ColumnStartPDF><justify>left</justify><ColumnWidthPDF></ColumnWidthPDF><ColumnWidthHTML></ColumnWidthHTML><column_title>Value</column_title><tooltip></tooltip><group_header_label></group_header_label><group_header_label_xpos></group_header_label_xpos><group_header_data_xpos></group_header_data_xpos><group_trailer_label></group_trailer_label></Format></QueryColumn><QueryColumn><Name>linediscount</Name><TableName></TableName><ColumnName></ColumnName><ColumnType></ColumnType><ColumnLength></ColumnLength><Format><column_display>hide</column_display><content_type>plain</content_type><ColumnStartPDF></ColumnStartPDF><justify>left</justify><ColumnWidthPDF></ColumnWidthPDF><ColumnWidthHTML></ColumnWidthHTML><column_title></column_title><tooltip></tooltip><group_header_label></group_header_label><group_header_label_xpos></group_header_label_xpos><group_header_data_xpos></group_header_data_xpos><group_trailer_label></group_trailer_label></Format></QueryColumn><QueryColumn><Name>ordervalue</Name><TableName></TableName><ColumnName></ColumnName><ColumnType></ColumnType><ColumnLength></ColumnLength><Format><column_display>hide</column_display><content_type>plain</content_type><ColumnStartPDF></ColumnStartPDF><justify>left</justify><ColumnWidthPDF></ColumnWidthPDF><ColumnWidthHTML></ColumnWidthHTML><column_title></column_title><tooltip></tooltip><group_header_label></group_header_label><group_header_label_xpos></group_header_label_xpos><group_header_data_xpos></group_header_data_xpos><group_trailer_label>BLANK</group_trailer_label></Format></QueryColumn></QueryColumns><OrderColumns></OrderColumns><PreSQLS></PreSQLS></Query><Assignments><Assignment><AssignName>full_address</AssignName><AssignNameNew></AssignNameNew><Expression>{contact}.&quot;&lt;BR&gt;&quot;.{title}.&quot;&lt;BR&gt;&quot;.{company}.&quot;&lt;BR&gt;&quot;.{Address}.&quot;&lt;BR&gt;&quot;.{City}.&quot;&lt;BR&gt;&quot;.{Region}.&quot; &quot;.{postal_code}.&quot;&lt;BR&gt;&quot;.{country}</Expression><Condition></Condition></Assignment><Assignment><AssignName>order_date</AssignName><AssignNameNew></AssignNameNew><Expression>substr({order_date},0,10)</Expression><Condition></Condition></Assignment><Assignment><AssignName>linevalue</AssignName><AssignNameNew></AssignNameNew><Expression>{price} * {quantity}</Expression><Condition></Condition></Assignment><Assignment><AssignName>linediscount</AssignName><AssignNameNew></AssignNameNew><Expression>{discount} * {quantity}</Expression><Condition></Condition></Assignment><Assignment><AssignName>linevalue</AssignName><AssignNameNew></AssignNameNew><Expression>({linevalue} - {linediscount})</Expression><Condition></Condition></Assignment><Assignment><AssignName>ordervalue</AssignName><AssignNameNew></AssignNameNew><Expression>sum({linevalue},{order_id})</Expression><Condition></Condition></Assignment><Assignment><AssignName>ordervalue</AssignName><AssignNameNew></AssignNameNew><Expression>&quot;$&quot;.number_format({ordervalue},2)</Expression><Condition></Condition></Assignment><Assignment><AssignName>linevalue</AssignName><AssignNameNew></AssignNameNew><Expression>&quot;$&quot;. number_format({linevalue}, 2)</Expression><Condition></Condition></Assignment><Assignment><AssignName>id</AssignName><AssignNameNew></AssignNameNew><Expression>apply_style('GROUPHEADERLABEL', 'background-color', '#eeeeee');</Expression><Condition></Condition></Assignment><Assignment><AssignName>id</AssignName><AssignNameNew></AssignNameNew><Expression>apply_style('GROUPHEADERVALUE', 'background-color', '#eeeeee');</Expression><Condition></Condition></Assignment></Assignments><Criteria><CriteriaItem><Name>country</Name><Title>Country</Title><QueryTableName></QueryTableName><QueryColumnName></QueryColumnName><CriteriaType>LOOKUP</CriteriaType><CriteriaDisplay>TEXTFIELD</CriteriaDisplay><ExpandDisplay>MULTI</ExpandDisplay><ReturnColumn>Country</ReturnColumn><DisplayColumn>Country</DisplayColumn><OverviewColumn>Country</OverviewColumn><MatchColumn>Country</MatchColumn><CriteriaDefaults>UK</CriteriaDefaults><CriteriaList></CriteriaList><Query><TableSql></TableSql><WhereSql></WhereSql><GroupSql></GroupSql><RowSelection></RowSelection><SQLRaw>SELECT DISTINCT Country
FROM  suppliers
WHERE 1 = 1  </SQLRaw><SQL><QuerySql></QuerySql></SQL><QueryColumns><QueryColumn><Name>Country</Name><TableName></TableName><ColumnName>DISTINCT</ColumnName><ColumnType>char</ColumnType><ColumnLength>30</ColumnLength><Format><column_display>show</column_display><content_type>plain</content_type><justify>left</justify></Format></QueryColumn></QueryColumns><OrderColumns></OrderColumns><Assignments></Assignments></Query><CriteriaLinks></CriteriaLinks></CriteriaItem><CriteriaItem><Name>customer</Name><Title>Customer</Title><QueryTableName></QueryTableName><QueryColumnName></QueryColumnName><CriteriaType>LOOKUP</CriteriaType><CriteriaDisplay>NOINPUT</CriteriaDisplay><ExpandDisplay>MULTI</ExpandDisplay><ReturnColumn>customerid</ReturnColumn><DisplayColumn>companyname</DisplayColumn><OverviewColumn>companyname</OverviewColumn><MatchColumn>companyname</MatchColumn><CriteriaDefaults></CriteriaDefaults><CriteriaList></CriteriaList><Query><TableSql></TableSql><WhereSql></WhereSql><GroupSql></GroupSql><RowSelection></RowSelection><SQLRaw>SELECT customerid, companyname
FROM  customers
WHERE 1 = 1  
[ AND country in ( {country} ) ]</SQLRaw><SQL><QuerySql></QuerySql></SQL><QueryColumns><QueryColumn><Name>companyname</Name><TableName></TableName><ColumnName>companyname</ColumnName><ColumnType>char</ColumnType><ColumnLength>30</ColumnLength><Format><column_display>show</column_display><content_type>plain</content_type><justify>left</justify></Format></QueryColumn><QueryColumn><Name>customerid</Name><TableName></TableName><ColumnName>customerid</ColumnName><ColumnType>char</ColumnType><ColumnLength>30</ColumnLength><Format><column_display>show</column_display><content_type>plain</content_type><justify>left</justify></Format></QueryColumn></QueryColumns><OrderColumns></OrderColumns><Assignments></Assignments></Query><CriteriaLinks></CriteriaLinks></CriteriaItem><CriteriaItem><Name>daterange</Name><Title>Order Date</Title><QueryTableName></QueryTableName><QueryColumnName></QueryColumnName><CriteriaType>DATERANGE</CriteriaType><CriteriaDisplay>NOINPUT</CriteriaDisplay><ExpandDisplay>NOINPUT</ExpandDisplay><ReturnColumn></ReturnColumn><DisplayColumn></DisplayColumn><OverviewColumn></OverviewColumn><MatchColumn></MatchColumn><CriteriaDefaults>1996-01-01-1996-08-31</CriteriaDefaults><CriteriaList></CriteriaList><Query><TableSql></TableSql><WhereSql></WhereSql><GroupSql></GroupSql><RowSelection></RowSelection><SQLRaw></SQLRaw><SQL><QuerySql></QuerySql></SQL><QueryColumns></QueryColumns><OrderColumns></OrderColumns><Assignments></Assignments></Query><CriteriaLinks></CriteriaLinks></CriteriaItem></Criteria><Output><PageHeaders><PageHeader><LineNumber>1</LineNumber><HeaderText>{STYLE width: 150; height:2cm;background-image:images/reportico100.png; margin: 2cm 0 0 0;}</HeaderText><Format><ColumnStartPDF>60%</ColumnStartPDF><justify>right</justify><ColumnWidthPDF></ColumnWidthPDF><ShowInPDF>yes</ShowInPDF><ShowInHTML>no</ShowInHTML></Format></PageHeader><PageHeader><LineNumber>1</LineNumber><HeaderText>{full_address}{STYLE font-family:times;margin: 2cm 0 0 0}</HeaderText><Format><ColumnStartPDF></ColumnStartPDF><justify>left</justify><ColumnWidthPDF></ColumnWidthPDF><ShowInPDF>yes</ShowInPDF><ShowInHTML>no</ShowInHTML></Format></PageHeader></PageHeaders><PageFooters></PageFooters><DisplayOrders><DisplayOrder><ColumnName>id</ColumnName><OrderNumber>1</OrderNumber></DisplayOrder><DisplayOrder><ColumnName>company</ColumnName><OrderNumber>2</OrderNumber></DisplayOrder><DisplayOrder><ColumnName>title</ColumnName><OrderNumber>3</OrderNumber></DisplayOrder><DisplayOrder><ColumnName>contact</ColumnName><OrderNumber>4</OrderNumber></DisplayOrder><DisplayOrder><ColumnName>Address</ColumnName><OrderNumber>5</OrderNumber></DisplayOrder><DisplayOrder><ColumnName>City</ColumnName><OrderNumber>6</OrderNumber></DisplayOrder><DisplayOrder><ColumnName>Region</ColumnName><OrderNumber>7</OrderNumber></DisplayOrder><DisplayOrder><ColumnName>postal_code</ColumnName><OrderNumber>8</OrderNumber></DisplayOrder><DisplayOrder><ColumnName>country</ColumnName><OrderNumber>9</OrderNumber></DisplayOrder><DisplayOrder><ColumnName>full_address</ColumnName><OrderNumber>10</OrderNumber></DisplayOrder><DisplayOrder><ColumnName>order_id</ColumnName><OrderNumber>11</OrderNumber></DisplayOrder><DisplayOrder><ColumnName>order_date</ColumnName><OrderNumber>12</OrderNumber></DisplayOrder><DisplayOrder><ColumnName>price</ColumnName><OrderNumber>13</OrderNumber></DisplayOrder><DisplayOrder><ColumnName>quantity</ColumnName><OrderNumber>14</OrderNumber></DisplayOrder><DisplayOrder><ColumnName>discount</ColumnName><OrderNumber>15</OrderNumber></DisplayOrder><DisplayOrder><ColumnName>productname</ColumnName><OrderNumber>16</OrderNumber></DisplayOrder><DisplayOrder><ColumnName>linevalue</ColumnName><OrderNumber>17</OrderNumber></DisplayOrder><DisplayOrder><ColumnName>linediscount</ColumnName><OrderNumber>18</OrderNumber></DisplayOrder><DisplayOrder><ColumnName>ordervalue</ColumnName><OrderNumber>19</OrderNumber></DisplayOrder></DisplayOrders><Groups><Group><GroupName>order_id</GroupName><BeforeGroupHeader>blankline</BeforeGroupHeader><AfterGroupHeader>blankline</AfterGroupHeader><BeforeGroupTrailer>blankline</BeforeGroupTrailer><AfterGroupTrailer>blankline</AfterGroupTrailer><GroupHeaders><GroupHeader><GroupHeaderColumn>id</GroupHeaderColumn><GroupHeaderCustom>Order No. {id}{STYLE border-style:solid;border-width:2 2 2 2;border-color:#dd2222;margin:0 0 0 5mm; width: 6cm}</GroupHeaderCustom></GroupHeader><GroupHeader><GroupHeaderColumn>id</GroupHeaderColumn><GroupHeaderCustom>Order Date. {order_date}{STYLE border-style:solid;border-width:2 2 2 2;border-color:#dd2222;margin:6mm 0 0 5mm; width: 6cm}</GroupHeaderCustom></GroupHeader></GroupHeaders><GroupTrailers><GroupTrailer><GroupTrailerDisplayColumn>linevalue</GroupTrailerDisplayColumn><GroupTrailerValueColumn>ordervalue</GroupTrailerValueColumn><GroupTrailerCustom></GroupTrailerCustom></GroupTrailer><GroupTrailer><GroupTrailerDisplayColumn>id</GroupTrailerDisplayColumn><GroupTrailerValueColumn>id</GroupTrailerValueColumn><GroupTrailerCustom>This is a group trailer showing a text block . Row data can be included here using the  notation e.g. here is the company name &quot;{company}&quot; .
&lt;br&gt; Also custom stylig has been applied using the following CSS customisation &lt;BR&gt;
background-color:#eeffee;font-weight:bold;border-style:solid;border-width:1 1 1 1;border-color:#238721;padding:1cm 5mm 10mm 2cm;margin:0 0 0 0;
&lt;BR&gt;
&lt;br&gt;Lorem ipsum dolor sit amet, consectetur adipiscing elit. In elit turpis, rutrum sit amet tempor vel, faucibus sit amet urna. Phasellus eu neque quis eros imperdiet efficitur id vel magna. In consequat, diam ac mollis elementum, mauris enim elementum arcu, eget consequat nulla mi eu sapien. Aenean ac suscipit erat. Sed iaculis ipsum eu neque facilisis elementum. Praesent vitae felis ornare, accumsan neque at, laoreet neque. In sed felis eu ex laoreet ornare. Fusce non orci ornare, congue tellus feugiat, scelerisque elit. Sed fringilla sem et justo venenatis faucibus.
&lt;br&gt;&lt;br&gt;
{STYLE background-color:#eeffef;border-style:solid;border-width:1 1 3 1;border-color:#238721;margin: 0 0 0 2cm; padding: 5 5 5 5;}</GroupTrailerCustom></GroupTrailer></GroupTrailers></Group></Groups><Graphs></Graphs></Output></EntryForm></ReportQuery></Report>